ids;type;
AgACAgEAAxkBAAIJ0GGW0inMq3PZMQlKKFC3oyzCaPmNAAKkqjEbzoO4RJk9mbCvVGbkAQADAgADcwADIgQ;img_surprise;
AgACAgEAAxkBAAIJ0WGW0imdU8kHKvA9E79O5P8wZPXKAAKlqjEbzoO4RJg1s7LccspYAQADAgADcwADIgQ;img_surprise;
AgACAgEAAxkBAAIJ0mGW0ikuWP5O0MEYmrbOSDs6bLcdAAKmqjEbzoO4RC4AAYcUocdg-AEAAwIAA3MAAyIE;img_surprise;
AgACAgEAAxkBAAIJ02GW0illmO-VB_3nSwWxUQalXTP0AAKnqjEbzoO4RBU5aW-B7aujAQADAgADcwADIgQ;img_surprise;
AgACAgEAAxkBAAIJ1GGW0inXotjZv_9eWMzCaZH8q0OrAAKoqjEbzoO4REuvy8RBDq8oAQADAgADcwADIgQ;img_surprise;
AgACAgEAAxkBAAIJ1WGW0ilMoYBEap0pUxqf96fYkgXjAAKpqjEbzoO4RDK2CkR9f2GlAQADAgADcwADIgQ;img_surprise;
AgACAgEAAxkBAAIJ1mGW0ilLqySePD3UvHG09HJs8HZOAAKqqjEbzoO4REbD6m3t6BiQAQADAgADcwADIgQ;img_surprise;
AgACAgEAAxkBAAIJ12GW0ilHnBUvuhL9AvzxvlGCpLZXAAKrqjEbzoO4RFwCVxvHiqcrAQADAgADcwADIgQ;img_surprise;
AgACAgEAAxkBAAIJ2GGW0imhZHxYsShehhp4i_vKz6UXAAKsqjEbzoO4RKbojuZDctkYAQADAgADcwADIgQ;img_surprise;
AgACAgEAAxkBAAIJ2WGW0in25msT8TjMMGXZV6_vvmQDAAKtqjEbzoO4RBJvCmVLiX0XAQADAgADcwADIgQ;img_surprise;
AgACAgEAAxkBAAIJ2mGW0m2ttgva-nASnyAZYAmUdcgyAAKuqjEbzoO4RKYviMIs-X9bAQADAgADcwADIgQ;img_surprise;
AgACAgEAAxkBAAIJ22GW0m0IKXuaDNDl1dE8ux91OacfAAKvqjEbzoO4RPZtNN1R7_fQAQADAgADcwADIgQ;img_surprise;
AgACAgEAAxkBAAIJ3GGW0m1XRCGw7Jm1cEl_XKOa595MAAKwqjEbzoO4RL4LuuGMrkJoAQADAgADcwADIgQ;img_surprise;
AgACAgEAAxkBAAIJ3WGW0m0ipGAQAAEnGJNQkGgG2HzK4AACsaoxG86DuEQ8mQQtf7M8ygEAAwIAA3MAAyIE;img_surprise;
AgACAgEAAxkBAAIJ3mGW0m1WRKermp1_xHeZqo5Q8yD7AAKyqjEbzoO4RMBm8QF-jx5HAQADAgADcwADIgQ;img_surprise;
AgACAgEAAxkBAAIJ32GW0m0bnE-MNUq66jL4U--VGaDlAAKzqjEbzoO4RFHj6O97subYAQADAgADcwADIgQ;img_surprise;
AgACAgEAAxkBAAIJ4GGW0m3Nr4q3MNdkBJBFKXnfvUyvAAK0qjEbzoO4REviKn-uw2_rAQADAgADcwADIgQ;img_surprise;
AgACAgEAAxkBAAIJ4WGW0m26Nu8CIULjM3mbWhudbcDmAAK1qjEbzoO4RO6lmM_AHRTOAQADAgADcwADIgQ;img_surprise;
AgACAgEAAxkBAAIJ4mGW0m00JTP6_IOIMpCV3tXEK95JAAK2qjEbzoO4RMSgGGwCIQf9AQADAgADcwADIgQ;img_surprise;
AgACAgEAAxkBAAIJ42GW0m18lb7HAURlNEp2z25VpB9WAAK3qjEbzoO4RHg0M7fWFZd0AQADAgADcwADIgQ;img_surprise;
AgACAgEAAxkBAAIJ5GGW0qNkURO0bCCnL9vm2jdmjGdaAAK6qjEbzoO4RFNM5X3rHolGAQADAgADcwADIgQ;img_surprise;
AgACAgEAAxkBAAIJ5WGW0qNwjg2V91YfaRRn3LwQhm3PAAK7qjEbzoO4RHakaWNsmd81AQADAgADcwADIgQ;img_surprise;
AgACAgEAAxkBAAIJ5mGW0qM6AAIa4mgLAd3mSFHiqib8AAK8qjEbzoO4RI8XkGfeGH9xAQADAgADcwADIgQ;img_surprise;
AgACAgEAAxkBAAIJ52GW0qOTDxj4LCoo8_t-xa9WoIvfAAK9qjEbzoO4RO3SKOci8izKAQADAgADcwADIgQ;img_surprise;
AgACAgEAAxkBAAIJ6GGW0qPC4E8enDfk7s6w35UYJ-V5AAK-qjEbzoO4RL_IDczNIW61AQADAgADcwADIgQ;img_surprise;
AgACAgEAAxkBAAIJ6WGW0qPY8I_3UHHOWylsmN3z1oK_AAK_qjEbzoO4RMIAAdJIjOFsqQEAAwIAA3MAAyIE;img_surprise;
AgACAgEAAxkBAAIJ6mGW0t828CMSOqd1XfJvYZzEErfFAALAqjEbzoO4RP9zbfqlFvXXAQADAgADcwADIgQ;img_attractor;
AgACAgEAAxkBAAIJ62GW0t9kazkqr8Cy9qEjgc1Y8kS_AALBqjEbzoO4RC2qPga9_uNWAQADAgADcwADIgQ;img_attractor;
AgACAgEAAxkBAAIJ7GGW0t_-FmgFRRkSFaDN3WxHKPBNAALCqjEbzoO4RMVYxQqoStKtAQADAgADcwADIgQ;img_attractor;
AgACAgEAAxkBAAIJ7WGW0t_1NWmYzzlZLEXh6-qd1MqMAALDqjEbzoO4RBe5G2vWFZ0tAQADAgADcwADIgQ;img_attractor;
AgACAgEAAxkBAAIJ7mGW0t9edYMJJ2pWY1xPAl13kNSXAALEqjEbzoO4RKanCmKp4kIoAQADAgADcwADIgQ;img_attractor;
AgACAgEAAxkBAAIJ72GW0t8AAZBo1xUi_Zmjjk91519LSwACxaoxG86DuERj8AqBu9rvAwEAAwIAA3MAAyIE;img_attractor;
AgACAgEAAxkBAAIJ8GGW0t-ZvEZaPBRnQoEhml4bEJJoAALGqjEbzoO4RHOMyhevxn8nAQADAgADcwADIgQ;img_attractor;
AgACAgEAAxkBAAIJ8WGW0t84cpaTx0kwOZAI5Eli_NK_AALHqjEbzoO4RAr9qps78QfDAQADAgADcwADIgQ;img_attractor;
AgACAgEAAxkBAAIJ8mGW0t8f8DWeYjHnE-36qQKWSvxZAALIqjEbzoO4RLg5uXXsGfBbAQADAgADcwADIgQ;img_attractor;
AgACAgEAAxkBAAIJ82GW0t_76wfEEI0lLj9u30bNLMX5AALJqjEbzoO4RNIaDc0fSueYAQADAgADcwADIgQ;img_attractor;
AgACAgEAAxkBAAIJ9GGW03_IKznn9WLMhucR_iZHwvkFAALKqjEbzoO4RO_9x2mxFIqlAQADAgADcwADIgQ;img_attractor;
AgACAgEAAxkBAAIJ9WGW039sk8IktTowaH2u0s5vsLQtAALLqjEbzoO4RNjYnzEmwaLoAQADAgADcwADIgQ;img_attractor;
AgACAgEAAxkBAAIJ9mGW038kR7m5dgZLGk2EnkFnxfdZAALMqjEbzoO4RC2wivA-buwrAQADAgADcwADIgQ;img_attractor;
AgACAgEAAxkBAAIJ92GW03_iQeztEkSD5JP1AAH2M8_IlwACzaoxG86DuETY8uFotznuPQEAAwIAA3MAAyIE;img_attractor;
AgACAgEAAxkBAAIJ-GGW03-fRKRtPvBZqvDlla9QKqaQAALOqjEbzoO4RA-4WAm-TxrGAQADAgADcwADIgQ;img_attractor;
AgACAgEAAxkBAAIJ-WGW03-cDuJL6N3nyIkVy2lHhjWNAALPqjEbzoO4RLRHKjfTxRo-AQADAgADcwADIgQ;img_attractor;
AgACAgEAAxkBAAIJ-mGW039J-q85gNwJGU6DEsgWmU0BAALQqjEbzoO4RKKYnaJJHisZAQADAgADcwADIgQ;img_attractor;
AgACAgEAAxkBAAIJ-2GW03-_hXuXkTfJ7TteSoO-Ez5AAALRqjEbzoO4RGXWSmELrTuxAQADAgADcwADIgQ;img_attractor;
CQACAgEAAxkBAAIKd2GYKJ4cxXkep3z_UBymLW3QWeErAAIaAgACXv7IRFpFGe9kiiW7IgQ;audio_surprise;
CQACAgEAAxkBAAIKeGGYKKAysGDcG4588I2GOMe9K11LAAIbAgACXv7IRK_ERKW2lEKFIgQ;audio_surprise;
CQACAgEAAxkBAAIKeWGYKKJIGmhTooG2NpEsPSxSG-1gAAIcAgACXv7IRAOKl5KNx3YTIgQ;audio_surprise;
CQACAgEAAxkBAAIKemGYKKTSY_g8WtLYSosMzFsiMyyZAAIdAgACXv7IRNwQ7CTFUnydIgQ;audio_surprise;
CQACAgEAAxkBAAIKe2GYKKb-w2H-wxUYV4WUjlBqaKx8AAIeAgACXv7IRKZYxBLgThCCIgQ;audio_surprise;
CQACAgEAAxkBAAIKfGGYKK2JiGfZMi2VdzoNRRJPGRJ4AAIfAgACXv7IRLj1fW1FhJmcIgQ;audio_surprise;
CQACAgEAAxkBAAIKfWGYKLVDZxr1Qs6Y16fti84kyS9xAAIgAgACXv7IRGFBrYxOz15KIgQ;audio_surprise;
CQACAgEAAxkBAAIKfmGYKLquRqE2E495Gqrz-nE8Xw71AAIhAgACXv7IRA8nn_9Naci-IgQ;audio_surprise;
CQACAgEAAxkBAAIKf2GYKL6V4BcVBQfjoD9TJTJNGU78AAIiAgACXv7IRGRpl3UoPgK7IgQ;audio_surprise;
CQACAgEAAxkBAAIKgGGYKMN5YQ-cPOCuObQGCDo5vijvAAIjAgACXv7IRB8hddtxmv3EIgQ;audio_surprise;
CQACAgEAAxkBAAIKgWGYKMiGoDRffSypwQ9ke3R2kpOsAAIkAgACXv7IRJovzJgHlsBPIgQ;audio_surprise;
CQACAgEAAxkBAAIKgmGYKNeVlqKlK2MOv9PC0V8XAkP6AAIlAgACXv7IRJSk4EMwZ4K7IgQ;audio_surprise;
